symptom_no_sound,symptom_low_volume,symptom_distortion,symptom_hum_buzz,symptom_feedback,symptom_one_channel,symptom_crackling,equip_microphone,equip_mixer,equip_speaker,equip_cable,equip_amplifier,fault_id
1,0,0,0,0,0,0,1,0,0,0,0,F001
1,0,0,0,0,0,0,1,0,0,0,0,F001
1,0,0,0,0,0,0,1,0,0,0,0,F001
1,0,0,0,0,0,0,1,0,0,0,0,F001
1,0,0,0,0,0,0,1,0,0,0,0,F001
1,0,0,0,0,0,0,1,0,0,0,0,F001
1,0,0,0,0,0,0,1,0,0,0,0,F001
1,0,0,0,0,0,0,1,0,0,0,0,F001
1,0,0,0,0,0,0,1,0,0,0,0,F001
1,0,0,0,0,0,0,1,0,0,0,0,F001
1,0,0,0,0,0,0,1,0,0,0,0,F001
1,0,0,0,0,0,0,1,0,0,0,0,F001
1,0,0,0,0,0,0,1,0,0,0,0,F001
1,0,0,0,0,0,0,1,0,0,0,0,F001
1,0,0,0,0,0,0,1,0,0,0,0,F001
1,0,0,0,0,0,0,1,0,0,0,0,F001
1,0,0,0,0,0,0,1,0,0,0,0,F001
1,0,0,0,0,0,0,1,0,0,0,0,F001
1,0,0,0,0,0,0,1,0,0,0,0,F001
1,0,0,0,0,0,0,1,0,0,0,0,F001
0,1,0,0,0,0,0,1,1,1,0,0,F002
0,1,0,0,0,0,0,0,1,1,0,0,F002
0,1,0,0,0,0,0,0,0,1,0,1,F002
0,1,0,0,0,0,0,1,0,1,0,0,F002
0,1,0,0,0,0,0,0,1,0,0,1,F002
0,1,0,0,0,0,0,1,1,0,0,0,F002
0,1,0,0,0,0,0,0,1,1,0,1,F002
0,1,0,0,0,0,0,1,0,0,0,0,F002
0,1,0,0,0,0,0,0,0,1,0,0,F002
0,1,0,0,0,0,0,0,1,1,1,0,F002
0,1,0,0,0,0,0,1,1,1,1,0,F002
0,1,0,0,0,0,0,0,1,0,1,1,F002
0,1,0,0,0,0,0,1,0,1,1,0,F002
0,1,0,0,0,0,0,0,0,1,1,0,F002
0,1,0,0,0,0,0,1,1,1,0,1,F002
0,1,0,0,0,0,0,0,1,1,0,1,F002
0,1,0,0,0,0,0,1,0,0,1,0,F002
0,1,0,0,0,0,0,0,1,1,1,1,F002
0,1,0,0,0,0,0,1,1,0,1,0,F002
0,1,0,0,0,0,0,0,1,0,0,0,F002
0,0,1,0,0,0,0,1,1,0,0,0,F003
0,0,1,0,0,0,0,0,1,1,0,0,F003
0,0,1,0,0,0,0,0,0,1,0,1,F003
0,0,1,0,0,0,0,1,0,1,0,0,F003
0,0,1,0,0,0,0,0,1,0,0,1,F003
0,0,1,0,0,0,0,0,1,1,0,0,F003
0,0,1,0,0,0,0,1,1,1,0,0,F003
0,0,1,0,0,0,0,0,0,1,0,0,F003
0,1,1,0,0,0,0,1,1,0,0,0,F003
0,0,1,0,0,0,0,0,1,1,1,0,F003
0,0,1,0,0,0,0,1,0,0,0,0,F003
0,0,1,0,0,0,0,0,1,0,1,0,F003
0,0,1,0,0,0,0,0,0,1,1,1,F003
0,0,1,0,0,0,0,1,1,0,1,0,F003
0,1,1,0,0,0,0,0,1,1,0,1,F003
0,0,1,0,0,0,0,1,0,1,1,0,F003
0,0,1,0,0,0,0,0,1,1,0,1,F003
0,0,1,0,0,0,0,1,1,1,1,0,F003
0,0,1,0,0,0,0,0,0,1,0,1,F003
0,0,1,0,0,0,0,1,1,0,0,1,F003
0,0,0,1,0,0,0,1,1,0,1,0,F004
0,0,0,1,0,0,0,0,1,1,0,0,F004
0,0,0,1,0,0,0,0,0,1,0,1,F004
0,0,0,1,0,0,0,1,0,1,1,0,F004
0,0,0,1,0,0,0,0,1,0,1,1,F004
0,0,0,1,0,0,0,1,1,1,0,0,F004
0,0,0,1,0,0,0,0,1,1,1,0,F004
0,0,0,1,0,0,0,0,0,0,1,0,F004
0,0,0,1,0,0,0,1,0,0,1,0,F004
0,0,0,1,0,0,0,0,1,1,0,1,F004
0,0,0,1,0,0,0,1,1,0,0,0,F004
0,0,0,1,0,0,0,0,1,0,0,0,F004
0,0,0,1,0,0,0,1,0,1,0,0,F004
0,0,0,1,0,0,0,0,0,1,1,0,F004
0,0,0,1,0,0,0,1,1,1,1,0,F004
0,0,0,1,0,0,0,0,1,1,1,1,F004
0,0,0,1,0,0,0,1,0,0,0,0,F004
0,0,0,1,0,0,0,0,1,1,0,0,F004
0,0,0,1,0,0,0,1,1,0,1,0,F004
0,0,0,1,0,0,0,0,0,1,0,0,F004
0,0,0,0,1,0,0,1,1,1,0,0,F005
0,0,0,0,1,0,0,0,1,1,0,0,F005
0,0,1,0,1,0,0,1,1,1,0,0,F005
0,0,0,0,1,0,0,1,0,1,0,0,F005
0,0,0,0,1,0,0,0,1,0,0,0,F005
0,0,0,0,1,0,0,1,1,0,0,0,F005
0,0,0,0,1,0,0,0,0,1,0,0,F005
0,0,0,0,1,0,0,1,1,1,1,0,F005
0,0,0,0,1,0,0,0,1,1,1,0,F005
0,0,0,0,1,0,0,1,0,0,0,0,F005
0,0,0,0,1,0,0,0,1,1,0,0,F005
0,0,0,0,1,0,0,1,1,0,1,0,F005
0,0,1,0,1,0,0,0,1,1,0,0,F005
0,0,0,0,1,0,0,0,0,1,1,0,F005
0,0,0,0,1,0,0,1,1,1,0,0,F005
0,0,0,0,1,0,0,0,1,0,1,0,F005
0,0,0,0,1,0,0,1,0,1,1,0,F005
0,0,0,0,1,0,0,0,1,1,1,1,F005
0,0,0,0,1,0,0,1,1,0,0,0,F005
0,0,0,0,1,0,0,0,1,1,0,0,F005
0,1,0,0,0,1,0,0,1,1,0,0,F006
1,0,0,0,0,1,0,0,1,0,0,0,F006
0,0,0,0,0,1,0,0,1,1,1,0,F006
0,0,0,0,0,1,0,0,1,0,1,0,F006
0,0,0,0,0,1,0,0,1,1,0,1,F006
0,0,0,0,0,1,0,0,0,1,0,1,F006
0,0,0,0,0,1,0,0,1,0,0,0,F006
0,0,0,0,0,1,0,0,1,1,0,0,F006
0,1,0,0,0,1,0,0,0,1,0,0,F006
0,0,0,0,0,1,0,0,1,1,1,1,F006
0,0,0,0,0,1,0,0,1,0,0,1,F006
1,0,0,0,0,1,0,0,0,1,0,0,F006
0,0,0,0,0,1,0,0,1,0,1,1,F006
0,0,0,0,0,1,0,0,0,0,1,0,F006
0,0,0,0,0,1,0,0,1,1,0,1,F006
0,0,0,0,0,1,0,0,1,0,0,0,F006
0,0,0,0,0,1,0,0,0,1,1,0,F006
0,0,0,0,0,1,0,0,1,1,1,0,F006
0,0,0,0,0,1,0,0,1,1,0,0,F006
0,1,0,0,0,1,0,0,1,0,1,0,F006
0,0,0,0,0,0,1,0,0,0,1,0,F007
1,0,0,0,0,0,1,0,0,0,1,0,F007
0,1,0,0,0,0,1,0,0,0,1,0,F007
0,0,0,0,0,0,1,1,0,0,1,0,F007
0,0,0,0,0,0,1,0,1,0,1,0,F007
0,0,0,0,0,0,1,0,0,0,1,0,F007
0,0,0,0,0,0,1,1,1,0,1,0,F007
0,0,0,0,0,0,1,0,1,1,1,0,F007
0,0,0,0,0,0,1,1,0,1,1,0,F007
0,0,0,0,0,0,1,0,0,1,1,0,F007
0,0,0,0,0,0,1,0,0,0,1,0,F007
0,0,0,0,0,0,1,1,1,1,1,0,F007
0,0,0,0,0,0,1,0,1,0,0,0,F007
1,0,0,0,0,0,1,0,0,0,1,0,F007
0,0,0,0,0,0,1,0,0,0,1,0,F007
0,0,0,0,0,0,1,1,0,0,0,0,F007
0,0,0,0,0,0,1,0,1,0,1,0,F007
0,0,0,0,0,0,1,1,1,0,1,0,F007
0,1,0,0,0,0,1,0,0,0,1,0,F007
0,0,0,0,0,0,1,0,0,1,1,0,F007
1,0,0,0,0,0,0,0,0,1,0,0,F008
1,0,0,0,0,0,0,0,0,1,0,1,F008
1,0,0,0,0,0,0,0,1,1,0,0,F008
1,0,0,0,0,0,0,0,0,0,0,1,F008
1,0,0,0,0,0,0,0,1,0,0,1,F008
1,0,0,0,0,0,0,0,1,1,0,1,F008
1,0,0,0,0,0,0,0,0,1,1,0,F008
1,0,0,0,0,0,0,0,0,0,0,1,F008
1,0,0,0,0,0,0,0,1,0,0,0,F008
1,0,0,0,0,0,0,0,0,1,0,0,F008
1,0,0,0,0,0,0,0,1,1,0,1,F008
1,0,0,0,0,0,0,0,0,0,0,1,F008
1,0,0,0,0,0,0,0,1,0,0,0,F008
1,0,0,0,0,0,0,0,0,1,0,1,F008
1,0,0,0,0,0,0,0,1,1,0,0,F008
1,0,0,0,0,0,0,0,0,1,1,1,F008
1,0,0,0,0,0,0,0,0,1,0,0,F008
1,0,0,0,0,0,0,0,1,0,1,0,F008
1,0,0,0,0,0,0,0,0,1,0,1,F008
1,0,0,0,0,0,0,0,1,1,0,0,F008
